item_code,item_name,base_uom,track_lots,track_serial_numbers,is_active
100A Single Phase,100A Single Phase,Nos,f,f,t
100mbps/100mbps Dedicated Internet,100mbps/100mbps Dedicated Internet,Nos,f,f,t
10G SFP BIDI 60KM,10G SFP BIDI 60KM,Nos,f,f,t
10G SM SFP - Ubiquiti,10G SM SFP - Ubiquiti,Nos,f,f,t
10kva - Thermocool Generator,10kva - Thermocool Generator,Nos,f,f,t
10mm Copper Cable,10mm Copper Cable,Meter,f,f,t
10mm DC Cable,10mm DC Cable,Meter,f,f,t
11/2 Steel Pole,11/2 Steel Pole,Nos,f,f,t
11/4 Steel Pole,11/4 Steel Pole,Nos,f,f,t
1:1 Redundant Kit – XTC-114D redundant,1:1 Redundant Kit – XTC-114D redundant,Nos,f,f,t
1:1 Redundant System,1:1 Redundant System,Centimeter,f,f,t
12Core FOC,12Core FOC,Meter,f,f,t
12Port Patch Panel,12Port Patch Panel,Nos,f,f,t
12U Rack,12U Rack,Nos,f,f,t
13 amp plug,13 amp plug,Nos,f,f,t
1.5hp Split Unit AC,1.5hp Split Unit AC,Nos,f,f,t
1.5KVA Inverter,1.5KVA Inverter,Nos,f,f,t
1.5mm Coil Cable,1.5mm Coil Cable,Meter,f,f,t
16MM Flex Cable,16MM Flex Cable,Meter,f,f,t
16MM Hard Core Cable,16MM Hard Core Cable,Nos,f,f,t
1Core FOC,1Core FOC,Meter,f,f,t
1 inch Steel pole,1 inch Steel pole,Nos,f,f,t
1KVA-12V Inverter,1KVA-12V Inverter,Nos,f,f,t
200AH durasol tubular battery,200AH durasol tubular battery,Nos,f,f,t
220ah Inverter Battery,220ah Inverter Battery,Nos,f,f,t
220V AC to 48V DC Deluxe Converter (360W),220V AC to 48V DC Deluxe Converter (360W),Nos,f,f,t
22mm Clip,22mm Clip,Box,f,f,t
22U Network Rack,22U Network Rack,Nos,f,f,t
24Core FOC,24Core FOC,Meter,f,f,t
24Port Patch Panel,24Port Patch Panel,Nos,f,f,t
256GB SSD,256GB SSD,Nos,f,f,t
2.5 HDD Caddy Converter,2.5 HDD Caddy Converter,Nos,f,f,t
2.5mm Coil Cable,2.5mm Coil Cable,Meter,f,f,t
2.5mm Flex Cable,2.5mm Flex Cable,Meter,f,f,t
27U Network Rack,27U Network Rack,Nos,f,f,t
28Port POE( Cisco),28Port POE( Cisco),Nos,f,f,t
2Core FOC,2Core FOC,Meter,f,f,t
2-Pole Schneider Breaker,2-Pole Schneider Breaker,Nos,f,f,t
32Amps - Change Over,32Amps - Change Over,Nos,f,f,t
32GB DDR4 2666V RAM For Dell PowerEdge,32GB DDR4 2666V RAM For Dell PowerEdge,Nos,f,f,t
32GB Sever RAM,32GB Sever RAM,Nos,f,f,t
3.5Kva 24v - Inverter,3.5Kva 24v - Inverter,Nos,f,f,t
3.5kva - Thermocool Generator,3.5kva - Thermocool Generator,Nos,f,f,t
38mm Rim Binder,38mm Rim Binder,Nos,f,f,t
3kva 24v inverter,3kva 24v inverter,Nos,f,f,t
40kva HT33040 Inverter,40kva HT33040 Inverter,Nos,f,f,t
410a Black Toner Cartridge,410a Black Toner Cartridge,Nos,f,f,t
410a Cyan Toner Cartridge,410a Cyan Toner Cartridge,Nos,f,f,t
410a Magenta Toner Cartridge,410a Magenta Toner Cartridge,Nos,f,f,t
410a Yellow Toner Cartridge,410a Yellow Toner Cartridge,Nos,f,f,t
48Core Corning Closure,48Core Corning Closure,Nos,f,f,t
48Core Dome Closure,48Core Dome Closure,Nos,f,f,t
48Core FOC,48Core FOC,Meter,f,f,t
48 Port Fibre Enclosure (130X1),48 Port Fibre Enclosure (130X1),Nos,f,f,t
48 port POE+ switch-S5735 S48P4XE-V2,48 port POE+ switch-S5735 S48P4XE-V2,Nos,f,f,t
48v AC - DC Inverter Converter,48v AC - DC Inverter Converter,Nos,f,f,t
48V DC Outdoor Cabinet,48V DC Outdoor Cabinet,Nos,f,f,t
48 Volts Adapter,48 Volts Adapter,Nos,f,f,t
48V POE,48V POE,Nos,f,f,t
4GB Laptop Ram,4GB Laptop Ram,Nos,f,f,t
4Litres Oil Paint,4Litres Oil Paint,Nos,f,f,t
4mm Coil Cable,4mm Coil Cable,Meter,f,f,t
500GB HDD,500GB HDD,Nos,f,f,t
512GB SSD,512GB SSD,Nos,f,f,t
5Kva 48v - Inverter,5Kva 48v - Inverter,Nos,f,f,t
5KVA Sueon Inverter,5KVA Sueon Inverter,Nos,f,f,t
60mbps/60mbps Dedicated Internet.,60mbps/60mbps Dedicated Internet.,Nos,f,f,t
6.25kVA - Thermocool Generator,6.25kVA - Thermocool Generator,Nos,f,f,t
650- Mercury UPS,650- Mercury UPS,Nos,f,f,t
6mm Coil Cable,6mm Coil Cable,Meter,f,f,t
7.5Kva Inverter,7.5Kva Inverter,Nos,f,f,t
8Core FOC,8Core FOC,Meter,f,f,t
8mm Cable,8mm Cable,Meter,f,f,t
8mm Clip,8mm Clip,Box,f,f,t
96Core Dome Closure,96Core Dome Closure,Nos,f,f,t
96Core Fiber Cabinet,96Core Fiber Cabinet,Nos,f,f,t
96Core FOC,96Core FOC,Meter,f,f,t
9U Rack,9U Rack,Nos,f,f,t
A4 Paper - Reams,A4 Paper - Reams,Box,f,f,t
ACB-AC,ACB-AC,Nos,f,f,t
Acer aspire keyboard,Acer aspire keyboard,Nos,f,f,t
Acer Projector X1120H,Acer Projector X1120H,Nos,f,f,t
AC Switch,AC Switch,Nos,f,f,t
ADAPTER - Blue,ADAPTER - Blue,Nos,f,f,t
ADAPTER - Green,ADAPTER - Green,Nos,f,f,t
Adjustable Spanner,Adjustable Spanner,Nos,f,f,t
Adjustment,Adjustment,Box,f,f,t
AEDC for flying of cable,AEDC for flying of cable,Nos,f,f,t
AF-5G30-S45 - Antena,AF-5G30-S45 - Antena,Nos,f,f,t
Aircube ACB-ISP 2,Aircube ACB-ISP 2,Nos,f,t,t
AirEngine 5773-21-Technical Support Service,AirEngine 5773-21-Technical Support Service,Service,f,f,t
AirFiber -5G30-S45 -Dish,AirFiber -5G30-S45 -Dish,EACH,f,t,t
AirFiber - 5XHD(2),AirFiber - 5XHD(2),Nos,f,f,t
AirFiber 60-LR-5,AirFiber 60-LR-5,Nos,f,f,t
AirFiber-AF-5XHD,AirFiber-AF-5XHD,Nos,f,t,t
AirMax AM-5G17-90 Antenna,AirMax AM-5G17-90 Antenna,Nos,f,f,t
AirMAX AM-5G19-120 Antenna,AirMAX AM-5G19-120 Antenna,Nos,f,f,t
AirMAX Rocket AC Lite,AirMAX Rocket AC Lite,Nos,f,f,t
Air Prism-5AC-90-HD,Air Prism-5AC-90-HD,Nos,f,t,t
Aluminum Paint,Aluminum Paint,Nos,f,f,t
Andriod Charger,Andriod Charger,Nos,f,f,t
Aqua Seal,Aqua Seal,Nos,f,f,t
AR6710-L14T2X4-Technical Support Service,AR6710-L14T2X4-Technical Support Service,Service,f,f,t
AR7024 Sharp Toner,AR7024 Sharp Toner,Nos,f,f,t
Aviation Light,Aviation Light,Nos,f,f,t
AVR Voltage Regulator,AVR Voltage Regulator,Nos,f,f,t
Ball,Ball,Nos,f,f,t
Battery Equalizer,Battery Equalizer,Nos,f,f,t
Battery Racks,Battery Racks,Nos,f,f,t
Big Caddy 3.5HDD,Big Caddy 3.5HDD,Nos,f,f,t
Bill Counter,Bill Counter,Nos,f,f,t
Binatone Standing Fan,Binatone Standing Fan,Nos,f,f,t
Binding Back Book Covers,Binding Back Book Covers,Nos,f,f,t
Binding Machine,Binding Machine,Nos,f,f,t
Binding Wire - 20kg,Binding Wire - 20kg,Kg,f,f,t
Blower,Blower,Nos,f,f,t
Bolt and Nuts,Bolt and Nuts,Nos,f,f,t
Breaker Box,Breaker Box,Nos,f,f,t
Cable Lock,Cable Lock,Nos,f,f,t
Cable Lock - 16mm,Cable Lock - 16mm,Nos,f,f,t
Cable Management Rack,Cable Management Rack,Nos,f,f,t
Cable Tie X 200,Cable Tie X 200,Nos,f,f,t
Cable Tie X 370,Cable Tie X 370,Nos,f,f,t
calibrator cleaner,calibrator cleaner,Nos,f,f,t
Camera,Camera,Nos,f,f,t
car maintenance,car maintenance,Nos,f,f,t
C-Band converter,C-Band converter,Nos,f,f,t
CCR1009-7G-1C-1S+PC,CCR1009-7G-1C-1S+PC,Nos,f,f,t
CCR1036-12G-4S,CCR1036-12G-4S,Nos,f,f,t
CCR1072-1G-8S+,CCR1072-1G-8S+,Nos,f,f,t
CCR2004-1G-12S+2XS,CCR2004-1G-12S+2XS,Nos,f,f,t
CCTV Cable,CCTV Cable,Nos,f,f,t
CCTV Hikvision Camera,CCTV Hikvision Camera,Nos,f,f,t
CD Cover,CD Cover,Nos,f,f,t
CD Plate,CD Plate,Nos,f,f,t
Cellotape,Cellotape,Nos,f,f,t
Charge Controller,Charge Controller,Nos,f,f,t
Chisel,Chisel,Nos,f,f,t
Choke,Choke,Nos,f,f,t
Civil works,Civil works,Nos,f,f,t
Cleaver,Cleaver,Nos,f,t,t
Cleaver Blades,Cleaver Blades,Nos,f,f,t
Cleavers,Cleavers,Nos,f,f,f
Clock-in Machine,Clock-in Machine,Nos,f,f,t
Closure Sealant,Closure Sealant,Nos,f,f,t
C'mon Board,C'mon Board,Nos,f,f,t
Colocation,Colocation,Nos,f,f,t
Compass,Compass,Nos,f,f,t
Concord paper,Concord paper,Box,f,f,t
Concrete Cut-Off Machine 16inch,Concrete Cut-Off Machine 16inch,Nos,f,f,t
Concrete Drilling Machine Big,Concrete Drilling Machine Big,Nos,f,f,t
Core switch-S5755-H48T4Y2CZ,Core switch-S5755-H48T4Y2CZ,Nos,f,f,t
CPU,CPU,Nos,f,f,t
Crimping Tool,Crimping Tool,Nos,f,f,t
Cross Connect per Unit,Cross Connect per Unit,Unit,f,f,t
CRS318-16P-2S+ - Outdoor Switch,CRS318-16P-2S+ - Outdoor Switch,Nos,f,f,t
CRS326-24S+2Q+RM,CRS326-24S+2Q+RM,Nos,f,f,t
CRS328-24P-4S+RM,CRS328-24P-4S+RM,Nos,f,f,t
Cutlass,Cutlass,Nos,f,f,t
Cutter,Cutter,Nos,f,f,t
DC-Breaker Single Pole,DC-Breaker Single Pole,Nos,f,f,t
Dedicated Broadband Plan,Dedicated Broadband Plan,Mbps,f,f,t
Delivery Fee,Delivery Fee,Nos,f,f,t
Dell SFP-SR,Dell SFP-SR,Nos,f,f,t
Deskjet-2632,Deskjet-2632,Nos,f,f,t
Desktop 3.0 Hard Drive Casing,Desktop 3.0 Hard Drive Casing,Nos,f,f,t
Desktop PCI Adapter,Desktop PCI Adapter,Nos,f,f,t
Digital earth tester,Digital earth tester,Nos,f,f,t
Direct Attach Cable - Generic SFP+,Direct Attach Cable - Generic SFP+,Nos,f,f,t
Dispenser,Dispenser,Nos,f,f,t
Door cylinder,Door cylinder,Nos,f,f,t
Double Socket Patress Box,Double Socket Patress Box,Nos,f,f,t
Drilling BIT -12mm,Drilling BIT -12mm,Nos,f,f,t
Drilling BIT -20mm,Drilling BIT -20mm,Nos,f,f,t
Drilling Bits (6mm),Drilling Bits (6mm),Nos,f,f,t
Drilling Machine,Drilling Machine,Nos,f,f,t
Duct Pipe,Duct Pipe,Meter,f,f,t
Duracell Battery,Duracell Battery,Nos,f,f,t
Duracell Battery - Smallest Size,Duracell Battery - Smallest Size,Nos,f,f,t
DVD Drive - Transcend,DVD Drive - Transcend,Nos,f,f,t
Dymo printer Catridge - 9mm,Dymo printer Catridge - 9mm,Nos,f,f,t
Earth Cable,Earth Cable,Meter,f,f,t
Edge Point,Edge Point,Nos,f,f,t
Edge Switch-12P-250W,Edge Switch-12P-250W,Nos,f,f,t
Edge Switch-16P-POE,Edge Switch-16P-POE,Nos,f,f,t
Edge Switch-24Port,Edge Switch-24Port,Nos,f,f,t
EKEDP Monthly Bill,EKEDP Monthly Bill,Service,f,f,t
Electrical Box,Electrical Box,Nos,f,f,t
Electrical Tape,Electrical Tape,Nos,f,f,t
Electric Impact Wrench,Electric Impact Wrench,Nos,f,f,t
Electrode - Splicing machine,Electrode - Splicing machine,Nos,f,f,t
Endian UTM-100,Endian UTM-100,Nos,f,f,t
Endian UTM-250,Endian UTM-250,Nos,f,f,t
Ethernet Surge Protector,Ethernet Surge Protector,Nos,f,t,t
Exercise Book,Exercise Book,Nos,f,f,t
Extension Wire - Ellington Surge,Extension Wire - Ellington Surge,Nos,f,f,t
Extension Wires,Extension Wires,Nos,f,f,t
Factory Crimped Cable,Factory Crimped Cable,Nos,f,f,t
Fast ethernet converter,Fast ethernet converter,Nos,f,f,t
FAT BOX- 1:16,FAT BOX- 1:16,Nos,f,f,t
Fiber Face Plate,Fiber Face Plate,Nos,f,f,t
Fiber Installation Service,Fiber Installation Service,Nos,f,f,t
Fiber knive,Fiber knive,Nos,f,f,t
Fiber Tool Kit,Fiber Tool Kit,Nos,f,f,t
Fibre Optical Splitter,Fibre Optical Splitter,Nos,f,f,t
File Divider,File Divider,Nos,f,f,t
Fire Alarm,Fire Alarm,Nos,f,f,t
Fishing Tape,Fishing Tape,Meter,f,f,t
Fishure(s12),Fishure(s12),Nos,f,f,t
Fishure (s6),Fishure (s6),Nos,f,f,t
Fixing keyboard,Fixing keyboard,Nos,f,f,t
Flash Drive -2GB,Flash Drive -2GB,Nos,f,f,t
Flash Drive - 8GB,Flash Drive - 8GB,Nos,f,f,t
Flat Bars,Flat Bars,Nos,f,f,t
Flexible pipe - 20mm(Black Color),Flexible pipe - 20mm(Black Color),Meter,f,f,t
Flexible pipe - 20mm(White Color),Flexible pipe - 20mm(White Color),Meter,f,f,t
Flexible pipe - 25mm,Flexible pipe - 25mm,Meter,f,f,t
FTTH Tool Box,FTTH Tool Box,Nos,f,f,t
Fuel Pump,Fuel Pump,Nos,f,f,t
Gang switch,Gang switch,Nos,f,f,t
GPON UF-OLT,GPON UF-OLT,Nos,f,f,t
Gradienter,Gradienter,Nos,f,f,t
Guard Wire,Guard Wire,Nos,f,f,t
H803GPFD's SFP C+,H803GPFD's SFP C+,Nos,f,f,t
Hammer,Hammer,Nos,f,f,t
Handglove,Handglove,Nos,f,f,t
Hard Cover Note Book,Hard Cover Note Book,Nos,f,f,t
Heat Shrink,Heat Shrink,Nos,f,f,t
Helmet,Helmet,Nos,f,f,t
HIAB,HIAB,Nos,f,f,t
Hisense ZHP,Hisense ZHP,Nos,f,f,t
Hose clamp,Hose clamp,Nos,f,f,t
Hp 150 Wireless Mouse,Hp 150 Wireless Mouse,Nos,f,f,t
HP 203 Black Toner,HP 203 Black Toner,Nos,f,f,t
HP 24fw Monitor,HP 24fw Monitor,Nos,f,f,t
HP 652 Black ink,HP 652 Black ink,Nos,f,f,t
HP 652 Colour,HP 652 Colour,Nos,f,f,t
HP Docking Station,HP Docking Station,Nos,f,f,t
HP Headset H2800,HP Headset H2800,Nos,f,f,t
HP Monitor Desktop,HP Monitor Desktop,Nos,f,f,t
HP Power Adapter,HP Power Adapter,Nos,f,f,t
HP Scanner (HP ScanJet Pro 2500),HP Scanner (HP ScanJet Pro 2500),Nos,f,f,t
Hp Spectre X360 Convertible 13,Hp Spectre X360 Convertible 13,Nos,f,f,t
HP Wired Mouse,HP Wired Mouse,Nos,f,f,t
Huawei Board,Huawei Board,Nos,f,f,t
Huawei HG8546M GPON ONT,Huawei HG8546M GPON ONT,Nos,f,t,t
Huawei OLT - MA5800x2,Huawei OLT - MA5800x2,Nos,f,f,t
Huawei ONT EG8145V5,Huawei ONT EG8145V5,Nos,f,t,t
Huawei SmartAX EA5800-X2,Huawei SmartAX EA5800-X2,Nos,f,f,t
IKEDC Monthly Bill,IKEDC Monthly Bill,Service,f,f,t
Indicator Light,Indicator Light,Nos,f,f,t
Indoor AP-AirEngine 5773-21,Indoor AP-AirEngine 5773-21,Nos,f,f,t
Indoor Cat 6 Cable - Non Copper,Indoor Cat 6 Cable - Non Copper,Meter,f,f,t
Indoor Cat 6 -Full Copper,Indoor Cat 6 -Full Copper,Meter,f,f,t
Intel 1.2Tb SATA SFF,Intel 1.2Tb SATA SFF,Nos,f,f,t
INTEL NUC core i7,INTEL NUC core i7,Nos,f,f,t
Interceptions,Interceptions,Nos,f,f,t
Interconnect Cable Amplifier to Controller (Qty 2 ,Interconnect Cable Amplifier to Controller (Qty 2 Required per system),Meter,f,f,t
Int'l Shipping & Delivery,Int'l Shipping & Delivery,Kg,f,f,t
ITEL A18,ITEL A18,Nos,f,f,t
ITEL A18s,ITEL A18s,Nos,f,f,t
ITEM202602-00001,Test Item,EA,f,f,t
ITEM202604-0001,Test item,PCS,f,t,t
Jack Hammer - Total Brand,Jack Hammer - Total Brand,Nos,f,f,t
Keyboard,Keyboard,Nos,f,f,t
Knife,Knife,Nos,f,f,t
Knife Switch - Change Over,Knife Switch - Change Over,Nos,f,f,t
KU-Band converter,KU-Band converter,Nos,f,f,t
Labour - NEPA,Labour - NEPA,Nos,f,f,t
Ladder-24ft FiberGlass,Ladder-24ft FiberGlass,Foot,f,f,t
Ladder - 8 Steps,Ladder - 8 Steps,Nos,f,f,t
Ladder - Foldable 5m,Ladder - Foldable 5m,Nos,f,f,t
Lamp Holder,Lamp Holder,Nos,f,f,t
Lan Tester,Lan Tester,Nos,f,f,t
LAP-120 Antenna,LAP-120 Antenna,Nos,f,t,t
LAP-GPS Antenna,LAP-GPS Antenna,Nos,f,f,t
Large Envelop,Large Envelop,Nos,f,f,t
Launch CRP 123 -Scanner,Launch CRP 123 -Scanner,Nos,f,f,t
Led bulb A.K.T,Led bulb A.K.T,Nos,f,f,t
Led Light,Led Light,Nos,f,f,t
Led Light - Murder Fitting,Led Light - Murder Fitting,Nos,f,f,t
"Lenovo Ideapad Flex 5 Core i3, 8GB+512GB, 14 inche","Lenovo Ideapad Flex 5 Core i3, 8GB+512GB, 14 inches, windows 11",Nos,f,f,t
Lenovo Power Pack,Lenovo Power Pack,Nos,f,f,t
Litebeam Antenna -Only,Litebeam Antenna -Only,Nos,f,f,t
LiteBeam Holder - Only,LiteBeam Holder - Only,Nos,f,f,t
LiteBeam - LBE-5AC-GEN2,LiteBeam - LBE-5AC-GEN2,Nos,f,t,t
Logitech Headphone - H111,Logitech Headphone - H111,Nos,f,f,t
Logitech Headphone - H340,Logitech Headphone - H340,Nos,f,f,t
Logitech M170,Logitech M170,Nos,f,f,t
Long-life Battery,Long-life Battery,Nos,f,f,t
LTU Long Range - Radio,LTU Long Range - Radio,Nos,f,f,t
LTU Prism,LTU Prism,Nos,f,f,t
LTU Rocket,LTU Rocket,Nos,f,f,t
Marker,Marker,Nos,f,f,t
Masking Tape,Masking Tape,Nos,f,f,t
Measuring Tape,Measuring Tape,Nos,f,f,t
Media Converter,Media Converter,Nos,f,f,t
Medium Envelop,Medium Envelop,Nos,f,f,t
Meter Board,Meter Board,Nos,f,f,t
Mikrotic 10G DDM 10Km,Mikrotic 10G DDM 10Km,Nos,f,f,t
Mikrotic 1.25G DDM SFP 850nm 550M,Mikrotic 1.25G DDM SFP 850nm 550M,Nos,f,f,t
Mikrotic DDM SFP 20Km,Mikrotic DDM SFP 20Km,Nos,f,f,t
Mikrotic DDM SFP 80Km,Mikrotic DDM SFP 80Km,Nos,f,f,t
Mikrotik CRS328-24P-4S+RM,Mikrotik CRS328-24P-4S+RM,Nos,f,f,t
Mikrotik Dish - 5G-30DBI,Mikrotik Dish - 5G-30DBI,Nos,f,f,t
Mikrotik RB2011 Router,Mikrotik RB2011 Router,Nos,f,f,t
Mikrotik Router - RB951,Mikrotik Router - RB951,Nos,f,f,t
Mini OTDR Screen,Mini OTDR Screen,Nos,f,f,t
Moko Spirit,Moko Spirit,Nos,f,f,t
Mounting Bracket,Mounting Bracket,Nos,f,f,t
Multimeter,Multimeter,Nos,f,f,t
Multiplexer(AF-MPx8),Multiplexer(AF-MPx8),Nos,f,f,t
"Nail 1""inch","Nail 1""inch",Box,f,f,t
"Nail 3""inch","Nail 3""inch",Box,f,f,t
NMS U2000 Software,NMS U2000 Software,Nos,f,f,t
Nuts,Nuts,Nos,f,f,t
Odf Tray - Cabinet,Odf Tray - Cabinet,Nos,f,f,t
Office File - Paper,Office File - Paper,Nos,f,f,t
Offwall - 1Ft,Offwall - 1Ft,Nos,f,f,t
Offwall - 2Ft,Offwall - 2Ft,Nos,f,f,t
Oil Paint,Oil Paint,Nos,f,f,t
One Time SAP Business One Implementation Fee and S,"One Time SAP Business One Implementation Fee and System Scoping,System Configuration,Blue Printing,ERP Implementation & User Acceptance Test",Nos,f,f,t
Onwall Pole,Onwall Pole,Nos,f,f,t
Opening Wrench M30,Opening Wrench M30,Nos,f,f,t
OTDR Mulit-Function Tester,OTDR Mulit-Function Tester,Nos,f,t,t
Outdoor Cat 6 cable,Outdoor Cat 6 cable,Meter,f,f,t
Outdoor Cat 7 cable,Outdoor Cat 7 cable,Meter,f,f,t
Outdoor Switch - netPower Lite 7R,Outdoor Switch - netPower Lite 7R,Nos,f,f,t
OX Fan - 20inches,OX Fan - 20inches,Nos,f,f,t
OX Standing Fan,OX Standing Fan,Nos,f,f,t
Padlock,Padlock,Nos,f,f,t
Paint brush,Paint brush,Nos,f,f,t
Pan 20mm-Guage,Pan 20mm-Guage,Nos,f,f,t
Paper Gum,Paper Gum,Nos,f,f,t
Patchcord - FC-LC 10m,Patchcord - FC-LC 10m,Nos,f,f,t
Patchcord - FC -SC 15M,Patchcord - FC -SC 15M,Nos,f,f,t
Patchcord - LC-LC,Patchcord - LC-LC,Nos,f,f,t
Patchcord LC-LC 20m,Patchcord LC-LC 20m,Nos,f,f,t
Patchcord LC-LC 30m,Patchcord LC-LC 30m,Nos,f,f,t
Patchcord - SC-APC,Patchcord - SC-APC,Nos,f,f,t
Patchcord -SC-LC 3m,Patchcord -SC-LC 3m,Nos,f,f,t
Patchcord SC-LC 3m,Patchcord SC-LC 3m,Nos,f,f,t
Patchcord SC-LC BLUE,Patchcord SC-LC BLUE,Nos,f,f,t
Patchcord SC-LC GREEN,Patchcord SC-LC GREEN,Nos,f,f,t
Patchcord - SC-SC (BLUE),Patchcord - SC-SC (BLUE),Nos,f,f,t
Patchcord - SC-SC (GREEN),Patchcord - SC-SC (GREEN),Nos,f,f,t
Patchmax Panel - PM-GS3-48,Patchmax Panel - PM-GS3-48,Nos,f,f,t
Pattress Box - 3x6 PVC,Pattress Box - 3x6 PVC,Nos,f,f,t
Pattress Box Cover - PVC,Pattress Box Cover - PVC,Nos,f,f,t
Pattress Box - Fiber,Pattress Box - Fiber,Nos,f,f,t
PDU -Extension,PDU -Extension,Nos,f,f,t
Pen - Jar Pack,Pen - Jar Pack,Nos,f,f,t
Pipe-1 and Halve,Pipe-1 and Halve,Nos,f,f,t
Pipe 1x1,Pipe 1x1,Nos,f,f,t
Pipe Plier,Pipe Plier,Nos,f,f,t
Plier,Plier,Nos,f,f,t
Plug-13Amp,Plug-13Amp,Nos,f,f,t
PoE Adapter 24V,PoE Adapter 24V,Nos,f,f,t
PoE Injector 24V 24W,PoE Injector 24V 24W,Nos,f,f,t
PoE Injector 24V 7W,PoE Injector 24V 7W,Nos,f,f,t
Portable Fusion Splicing Machine,Portable Fusion Splicing Machine,Nos,f,f,t
PO test 1,PO test 1,Box,f,f,t
PowerBeam-5AC-500,PowerBeam-5AC-500,Nos,f,f,t
PowerBeam 5AC-GEN2,PowerBeam 5AC-GEN2,Nos,f,f,t
PowerBeam-M5-400,PowerBeam-M5-400,Nos,f,f,t
Power Meter,Power Meter,Nos,f,f,t
Power Pack - HP,Power Pack - HP,Nos,f,f,t
Power Pack - Splicing Machine,Power Pack - Splicing Machine,Nos,f,f,t
Pressure clamp,Pressure clamp,Nos,f,f,t
Projector Screen 72×72,Projector Screen 72×72,Kg,f,f,t
Projector Stand,Projector Stand,Nos,f,f,t
Punch down tool,Punch down tool,Nos,f,f,t
PVC Back cover,PVC Back cover,Nos,f,f,t
PVC Coupler,PVC Coupler,Box,f,f,t
PVC Front cover,PVC Front cover,Nos,f,f,t
PvC Pipe20mm - Black Color,PvC Pipe20mm - Black Color,Box,f,f,t
PvC Pipe20mm(Grey Color),PvC Pipe20mm(Grey Color),Box,f,f,t
Quantum Tubular Battery,Quantum Tubular Battery,Nos,f,f,t
R5AC-Lite,R5AC-Lite,Nos,f,f,t
Radio Installation,Radio Installation,Kg,f,f,t
Rain boot,Rain boot,Nos,f,f,t
Rain coat,Rain coat,Nos,f,f,t
RB2011 - Mikrotik Router,RB2011 - Mikrotik Router,Nos,f,f,t
Red Seal,Red Seal,Nos,f,f,t
Reflective Jacket,Reflective Jacket,Nos,f,f,t
Remote Lan Tester,Remote Lan Tester,Nos,f,f,t
Rent,Rent,Year,f,f,t
Ring - 38mm,Ring - 38mm,Nos,f,f,t
Ring - 51mm,Ring - 51mm,Nos,f,f,t
Ring Office File,Ring Office File,Nos,f,f,t
Rito Ave 7000,Rito Ave 7000,Nos,f,f,t
Rj45 connector indoor,Rj45 connector indoor,Nos,f,f,t
Rj45 Connector Outdoor (CAT6),Rj45 Connector Outdoor (CAT6),Nos,f,f,t
Rj45 Connector Outdoor (CAT7),Rj45 Connector Outdoor (CAT7),Nos,f,f,t
RJ45 Union Connector,RJ45 Union Connector,Nos,f,f,t
Rocket Dish -5G30 30dBi,Rocket Dish -5G30 30dBi,Nos,f,f,t
Rocket Prism -5AC-Gen2,Rocket Prism -5AC-Gen2,Nos,f,t,t
Router-AR6710-L14T2X4,Router-AR6710-L14T2X4,Nos,f,f,t
R.O.W,R.O.W,Nos,f,f,t
Rubber Hammer,Rubber Hammer,Nos,f,f,t
S5735-S48P4XE-V2-Technical Support Service,S5735-S48P4XE-V2-Technical Support Service,Service,f,f,t
S5755-H48T4Y2CZ-Technical Support Service,S5755-H48T4Y2CZ-Technical Support Service,Service,f,f,t
Safety Belt,Safety Belt,Nos,f,f,t
Safety Boot,Safety Boot,Nos,f,f,t
Safety Harness,Safety Harness,Nos,f,f,t
Safety Overall,Safety Overall,Nos,f,f,t
Samsung 32GB Ram PC4,Samsung 32GB Ram PC4,Nos,f,f,t
Saw blade,Saw blade,Nos,f,f,t
SC-APC Pigtail,SC-APC Pigtail,Nos,f,f,t
Scewiling Machine,Scewiling Machine,Nos,f,f,t
Scissors,Scissors,Nos,f,f,t
Screw Driver,Screw Driver,Nos,f,f,t
Screwdriver Set,Screwdriver Set,Nos,f,f,t
Screws,Screws,Nos,f,f,t
SC-SC Pigtail,SC-SC Pigtail,Nos,f,f,t
Sectional Cable,Sectional Cable,Nos,f,f,t
Service board H803 GPFD,Service board H803 GPFD,Nos,f,f,t
Service Charge,Service Charge,Year,f,f,t
SFP-10G-BX40-40KM,SFP-10G-BX40-40KM,Nos,f,f,t
SFP- 10G-LR,SFP- 10G-LR,Nos,f,f,t
SFP-10G SMDF-20KM,SFP-10G SMDF-20KM,Nos,f,f,t
SFP-10G SMDF-40KM,SFP-10G SMDF-40KM,Nos,f,f,t
SFP-10G SMSF-40KM,SFP-10G SMSF-40KM,Nos,f,f,t
SFP-10G SMSF-60KM,SFP-10G SMSF-60KM,Nos,f,f,t
SFP-1.25G SM 40KM,SFP-1.25G SM 40KM,Nos,f,f,t
SFP - 1.25G SM 80KM,SFP - 1.25G SM 80KM,Nos,f,f,t
SFP+ BIDI 10G,SFP+ BIDI 10G,Nos,f,f,t
SFP - Cisco GLC-LH-SMD,SFP - Cisco GLC-LH-SMD,Nos,f,f,t
SFP - Fortinet Trans-SX,SFP - Fortinet Trans-SX,Nos,f,f,t
SFP - GPON UF-GP-B+,SFP - GPON UF-GP-B+,Nos,f,f,t
SFP- Hauwei 10G-10Km,SFP- Hauwei 10G-10Km,Nos,f,f,t
SFP -RJ45 100M,SFP -RJ45 100M,Nos,f,f,t
SFP -RJ45-Cisco,SFP -RJ45-Cisco,Nos,f,f,t
SFP+ UF - SM- 10G-S,SFP+ UF - SM- 10G-S,Nos,f,f,t
Sharp - AR6020V Photocopier,Sharp - AR6020V Photocopier,Nos,f,f,t
SHARP AR7024d,SHARP AR7024d,Nos,f,f,t
SHARP mx- 237ft Black Toner,SHARP mx- 237ft Black Toner,Nos,f,f,t
Sharp Photocopier 30M31,Sharp Photocopier 30M31,Nos,f,f,t
Single Phase,Single Phase,Nos,f,f,t
Slide Binder -10mm,Slide Binder -10mm,Box,f,f,t
Slide Binder -18mm,Slide Binder -18mm,Box,f,f,t
Small white envelope,Small white envelope,Nos,f,f,t
Smoke Detector,Smoke Detector,Nos,f,f,t
Socket 350-50mm,Socket 350-50mm,Nos,f,f,t
Socket-Double,Socket-Double,Nos,f,f,t
Socket-Single,Socket-Single,Nos,f,f,t
Solar Charge Controller,Solar Charge Controller,Nos,f,f,t
Soldering Iron,Soldering Iron,Nos,f,f,t
Solid and Liquid Waste disposal,Solid and Liquid Waste disposal,Year,f,f,t
Solid State Drive - 512ssd,Solid State Drive - 512ssd,Nos,f,f,t
Spanner 12x13,Spanner 12x13,Nos,f,f,t
Spanner 14x15,Spanner 14x15,Nos,f,f,t
Spanner 16x17,Spanner 16x17,Nos,f,f,t
Spanner 8x10,Spanner 8x10,Nos,f,f,t
Spectrum Analyzer,Spectrum Analyzer,Nos,f,f,t
Splicing Machine,Splicing Machine,Nos,f,f,t
Splicing Machine Battery-(AI 9),Splicing Machine Battery-(AI 9),Nos,f,f,t
SPLITTER1:16,SPLITTER1:16,Nos,f,f,t
SPLITTER 1:2,SPLITTER 1:2,Nos,f,f,t
SPLITTER 1:32,SPLITTER 1:32,Nos,f,f,t
SPLITTER 1:4,SPLITTER 1:4,Nos,f,f,t
SPLITTER 1:64,SPLITTER 1:64,Nos,f,f,t
SPLITTER 1:8,SPLITTER 1:8,Nos,f,f,t
Stabilizer -2kva Mercury,Stabilizer -2kva Mercury,Nos,f,f,t
Stagger,Stagger,Nos,f,f,t
Stamp Pad,Stamp Pad,Nos,f,f,t
Stamp pad ink,Stamp pad ink,Nos,f,f,t
Standard Hammer,Standard Hammer,Nos,f,f,t
Standard Plan,Standard Plan,Nos,f,f,t
Stapler,Stapler,Nos,f,f,t
Stapler Pin,Stapler Pin,Box,f,f,t
Startall Battery 100AH,Startall Battery 100AH,Nos,f,f,t
Steel Galvanized Gard Wire,Steel Galvanized Gard Wire,Kg,f,f,t
Sticky note,Sticky note,Nos,f,f,t
Stripper,Stripper,Nos,f,f,t
Supply of FOC,Supply of FOC,Nos,f,f,t
Tenda,Tenda  F3 (4-in-1 Wireless Router),Nos,f,f,f
Tenda  F3 (4-in-1 Wireless Router),Tenda  F3 (4-in-1 Wireless Router),Nos,f,t,t
Tenda N301 (4-in-1 Wireless Router),Tenda N301 (4-in-1 Wireless Router),Nos,f,t,t
Tenda Outdoor CPE,Tenda Outdoor CPE,Nos,f,f,t
Test 1,Test 1,Nos,f,t,t
TESTS,TES,Nos,f,f,t
Threaded Rod,Threaded Rod,Nos,f,f,t
Tipex,Tipex,Nos,f,f,t
Tool Box,Tool Box,Nos,f,f,t
Tools Bag,Tools Bag,Nos,f,f,t
Torch,Torch,Nos,f,f,t
"Toshiba 10TB, 7200RPM HDD SAS","Toshiba 10TB, 7200RPM HDD SAS",Nos,f,f,t
Tp-Link Archer C64 AC1200 Wireless MU-MIMO Wifi Ro,Tp-Link Archer C64 AC1200 Wireless MU-MIMO Wifi Router,Nos,f,f,t
TP-Link Router,TP-Link Router,Nos,f,f,t
TP-Link Router 2,TP-Link Router 2,Nos,f,f,t
TP-Link Switch 16p,TP-Link Switch 16p,Nos,f,f,t
Tracing,Tracing,Service,f,f,t
Transparent PVC Cover,Transparent PVC Cover,Nos,f,f,t
Transport,Transport,Kg,f,f,t
Travelling Box,Travelling Box,Nos,f,f,t
Trenching,Trenching,Meter,f,f,t
Trolley Bag,Trolley Bag,Nos,f,f,t
Trowel,Trowel,Nos,f,f,t
Trunking 50x50mm,Trunking 50x50mm,Nos,f,f,t
Trunking pipe 16X25,Trunking pipe 16X25,Nos,f,f,t
Trunking Pipe 25x40,Trunking Pipe 25x40,Nos,f,f,t
T-shirts,T-shirts,Nos,f,f,t
Tune boucle,Tune boucle,Nos,f,f,t
TV Protector,TV Protector,Nos,f,f,t
U6-Lite Unifi Access point,U6-Lite Unifi Access point,Nos,f,f,t
U6 Long-Range,U6 Long-Range,Nos,f,f,t
Ubiquiti UAP-AC-LR,Ubiquiti UAP-AC-LR,Nos,f,f,t
Ubiquity-UF-SM-10G,Ubiquity-UF-SM-10G,Nos,f,f,t
Ubiquity-UF-SM-1G-3Km,Ubiquity-UF-SM-1G-3Km,Nos,f,f,t
UC-DAC-SFP+ Ubiquiti,UC-DAC-SFP+ Ubiquiti,Nos,f,f,t
UF-LOCO,UF-LOCO,Nos,f,f,t
UF-NANO G,UF-NANO G,Nos,f,f,t
UF-WIFI Power Adapter,UF-WIFI Power Adapter,Nos,f,f,t
UF-WIFI Router,UF-WIFI Router,Nos,f,t,t
Umbrella - Medium size,Umbrella - Medium size,Nos,f,f,t
Umbrella-Outdoor Canopy (Large),Umbrella-Outdoor Canopy (Large),Nos,f,f,t
Unifi Ac Mesh,Unifi Ac Mesh,Nos,f,f,t
Unified Video,Unified Video,Nos,f,f,t
Unifi Switch 24 Port,Unifi Switch 24 Port,Nos,f,f,t
USB HUB 4 Ports,USB HUB 4 Ports,Nos,f,f,t
USB Slim Portable Optical Drive,USB Slim Portable Optical Drive,Nos,f,f,t
VFL Batteries,VFL Batteries,Nos,f,f,t
VFL TOOL,VFL TOOL,Nos,f,f,t
Whiteboard,Whiteboard,Nos,f,f,t
White Paint,White Paint,Nos,f,f,t
Wireless Card,Wireless Card,Nos,f,f,t
Wireless Keyboard,Wireless Keyboard,Nos,f,f,t
XTD1250KHE 1250 Watt Outdoor HPA 13.75-14.5GHz wit,"XTD1250KHE 1250 Watt Outdoor HPA 13.75-14.5GHz with, Integral BUC & 10MHz Ref (Ethernet Port)",Box,f,f,t
XTD-400C 400 Watt (CW) Outdoor HPA 5.85-6.425GHz w,"XTD-400C 400 Watt (CW) Outdoor HPA 5.85-6.425GHz with, Integral BUC & 10MHz Ref (Ethernet Port)",Box,f,f,t
XTD-55OKAL Watt (Peak) (300WCW) Outdoor HPA 29-30G,"XTD-55OKAL Watt (Peak) (300WCW) Outdoor HPA 29-30GHz with, Integral BUC & 10MHz Ref (Ethernet Port)",Nos,f,f,t
